{"num_query": 186, "Mean Reciprocal Rank top10": 0.8363095238095237, "HitRate@5": 0.9731182795698925, "HitRate@10": 0.9946236559139785, "HitRate@20": 1.0}