{"num_query": 186, "Mean Reciprocal Rank top10": 0.8411887694145759, "HitRate@5": 0.9838709677419355, "HitRate@10": 0.989247311827957, "HitRate@20": 0.989247311827957}