{"num_query": 540, "Mean Reciprocal Rank top10": 0.7135141093474425, "HitRate@5": 0.8703703703703703, "HitRate@10": 0.924074074074074, "HitRate@20": 0.9537037037037037}