{"num_query": 540, "Mean Reciprocal Rank top10": 0.874239417989418, "HitRate@5": 0.9796296296296296, "HitRate@10": 0.9944444444444445, "HitRate@20": 0.9962962962962963}