{"num_query": 186, "Mean Reciprocal Rank top10": 0.6744452978323944, "HitRate@5": 0.8709677419354839, "HitRate@10": 0.9354838709677419, "HitRate@20": 0.9731182795698925}