{"num_query": 191, "Mean Reciprocal Rank top10": 0.6985789080029917, "HitRate@5": 0.8534031413612565, "HitRate@10": 0.9319371727748691, "HitRate@20": 0.9685863874345549}