{"num_query": 191, "Mean Reciprocal Rank top10": 0.856151832460733, "HitRate@5": 0.9738219895287958, "HitRate@10": 0.9947643979057592, "HitRate@20": 1.0}