{"num_query": 540, "Mean Reciprocal Rank top10": 0.3150036743092299, "HitRate@5": 0.3425925925925926, "HitRate@10": 0.37037037037037035, "HitRate@20": 0.40370370370370373}