{"num_query": 186, "Mean Reciprocal Rank top10": 0.27208354668032086, "HitRate@5": 0.24193548387096775, "HitRate@10": 0.2903225806451613, "HitRate@20": 0.34408602150537637}