{"num_query": 191, "Mean Reciprocal Rank top10": 0.8587093825313721, "HitRate@5": 0.9842931937172775, "HitRate@10": 1.0, "HitRate@20": 1.0}