{"num_query": 191, "Mean Reciprocal Rank top10": 0.296006814593202, "HitRate@5": 0.2931937172774869, "HitRate@10": 0.33507853403141363, "HitRate@20": 0.36649214659685864}