{"num_query": 186, "Mean Reciprocal Rank top10": 0.8672939068100358, "HitRate@5": 0.9838709677419355, "HitRate@10": 1.0, "HitRate@20": 1.0}