{"num_query": 540, "Mean Reciprocal Rank top10": 0.9089726631393297, "HitRate@5": 0.9851851851851852, "HitRate@10": 0.9944444444444445, "HitRate@20": 0.9962962962962963}