{"num_query": 191, "Mean Reciprocal Rank top10": 0.8611755173273498, "HitRate@5": 0.9685863874345549, "HitRate@10": 0.9947643979057592, "HitRate@20": 1.0}