{"num_query": 631, "Mean Reciprocal Rank top10": 0.8460172817145876, "HitRate@5": 0.96513470681458, "HitRate@10": 0.9857369255150554, "HitRate@20": 0.9920760697305864}