{"num_query": 227, "Mean Reciprocal Rank top10": 0.8395794000419551, "HitRate@5": 0.9647577092511013, "HitRate@10": 0.9911894273127754, "HitRate@20": 1.0}