{"num_query": 227, "Mean Reciprocal Rank top10": 0.3478270750297182, "HitRate@5": 0.3568281938325991, "HitRate@10": 0.3964757709251101, "HitRate@20": 0.42731277533039647}