{"num_query": 631, "Mean Reciprocal Rank top10": 0.8325138983221391, "HitRate@5": 0.9635499207606973, "HitRate@10": 0.9841521394611727, "HitRate@20": 0.9889064976228209}