{"num_query": 227, "Mean Reciprocal Rank top10": 0.8397734424166142, "HitRate@5": 0.9691629955947136, "HitRate@10": 0.986784140969163, "HitRate@20": 0.9955947136563876}