{"num_query": 631, "Mean Reciprocal Rank top10": 0.3370236208588031, "HitRate@5": 0.33914421553090335, "HitRate@10": 0.35657686212361334, "HitRate@20": 0.39619651347068147}