{"num_query": 631, "Mean Reciprocal Rank top10": 0.687358815686867, "HitRate@5": 0.8351822503961965, "HitRate@10": 0.9049128367670365, "HitRate@20": 0.9492868462757528}