{"num_query": 223, "Mean Reciprocal Rank top10": 0.6615328493131181, "HitRate@5": 0.8071748878923767, "HitRate@10": 0.8654708520179372, "HitRate@20": 0.9147982062780269}