{"num_query": 631, "Mean Reciprocal Rank top10": 0.8249773601992303, "HitRate@5": 0.9667194928684627, "HitRate@10": 0.9857369255150554, "HitRate@20": 0.9873217115689382}