{"num_query": 227, "Mean Reciprocal Rank top10": 0.688596951262149, "HitRate@5": 0.8105726872246696, "HitRate@10": 0.8898678414096917, "HitRate@20": 0.9295154185022027}