{"num_query": 223, "Mean Reciprocal Rank top10": 0.8173179585735639, "HitRate@5": 0.9641255605381166, "HitRate@10": 0.9955156950672646, "HitRate@20": 0.9955156950672646}