{"num_query": 223, "Mean Reciprocal Rank top10": 0.2906754929176454, "HitRate@5": 0.2914798206278027, "HitRate@10": 0.3004484304932735, "HitRate@20": 0.3542600896860987}