{"num_query": 223, "Mean Reciprocal Rank top10": 0.8113904904263648, "HitRate@5": 0.9551569506726457, "HitRate@10": 0.9865470852017937, "HitRate@20": 0.9955156950672646}