{"num_query": 227, "Mean Reciprocal Rank top10": 0.8224180127263828, "HitRate@5": 0.9647577092511013, "HitRate@10": 0.9911894273127754, "HitRate@20": 0.9955947136563876}