{"num_query": 206, "Mean Reciprocal Rank top10": 0.8900947757743874, "HitRate@5": 0.9611650485436893, "HitRate@10": 0.970873786407767, "HitRate@20": 0.9902912621359223}