{"num_query": 206, "Mean Reciprocal Rank top10": 0.21243257820927725, "HitRate@5": 0.14563106796116504, "HitRate@10": 0.17475728155339806, "HitRate@20": 0.21359223300970873}