{"num_query": 611, "Mean Reciprocal Rank top10": 0.9100667653859142, "HitRate@5": 0.9819967266775778, "HitRate@10": 0.9967266775777414, "HitRate@20": 1.0}