{"num_query": 611, "Mean Reciprocal Rank top10": 0.1773225001948406, "HitRate@5": 0.13911620294599017, "HitRate@10": 0.1702127659574468, "HitRate@20": 0.19312602291325695}