{"num_query": 206, "Mean Reciprocal Rank top10": 0.9048274002157497, "HitRate@5": 0.9902912621359223, "HitRate@10": 1.0, "HitRate@20": 1.0}