{"num_query": 206, "Mean Reciprocal Rank top10": 0.7295134073046692, "HitRate@5": 0.883495145631068, "HitRate@10": 0.9320388349514563, "HitRate@20": 0.9660194174757282}