{"num_query": 611, "Mean Reciprocal Rank top10": 0.7454478736393633, "HitRate@5": 0.8952536824877251, "HitRate@10": 0.9541734860883797, "HitRate@20": 0.983633387888707}