{"num_query": 611, "Mean Reciprocal Rank top10": 0.9181935676616527, "HitRate@5": 0.9803600654664485, "HitRate@10": 0.9967266775777414, "HitRate@20": 0.9983633387888707}