{"num_query": 206, "Mean Reciprocal Rank top10": 0.7600092464170133, "HitRate@5": 0.8689320388349514, "HitRate@10": 0.9563106796116505, "HitRate@20": 0.9902912621359223}