{"num_query": 206, "Mean Reciprocal Rank top10": 0.9055073971336107, "HitRate@5": 0.9854368932038835, "HitRate@10": 1.0, "HitRate@20": 1.0}