{"num_query": 611, "Mean Reciprocal Rank top10": 0.9126607435118073, "HitRate@5": 0.9869067103109657, "HitRate@10": 0.9950900163666121, "HitRate@20": 1.0}