{"num_query": 206, "Mean Reciprocal Rank top10": 0.2039008321775312, "HitRate@5": 0.15048543689320387, "HitRate@10": 0.17475728155339806, "HitRate@20": 0.18446601941747573}