{"num_query": 206, "Mean Reciprocal Rank top10": 0.9065996301433195, "HitRate@5": 0.9805825242718447, "HitRate@10": 0.9902912621359223, "HitRate@20": 1.0}