{"num_query": 206, "Mean Reciprocal Rank top10": 0.9095931576514101, "HitRate@5": 0.970873786407767, "HitRate@10": 0.9854368932038835, "HitRate@20": 1.0}