{"num_query": 206, "Mean Reciprocal Rank top10": 0.9121898597626752, "HitRate@5": 0.9854368932038835, "HitRate@10": 0.9951456310679612, "HitRate@20": 1.0}